unix_time, cycles_done, cur_path, paths_total, pending_total, pending_favs, map_size, unique_crashes, unique_hangs, max_depth, execs_per_sec
1669884144, 0, 0, 1, 1, 1, 1.36%, 0, 0, 1, 727.27
1669884149, 0, 0, 105, 105, 1, 2.02%, 0, 0, 2, 1514.08
1669884154, 0, 0, 118, 118, 1, 2.08%, 0, 0, 2, 1653.16
1669884159, 0, 0, 128, 128, 1, 2.14%, 0, 0, 2, 1704.73
1669884164, 0, 0, 130, 130, 1, 2.15%, 0, 0, 2, 1595.39
1669884174, 0, 0, 132, 132, 1, 2.15%, 0, 0, 2, 1698.79
1669884179, 0, 0, 139, 139, 1, 2.18%, 0, 0, 2, 1632.69
1669884184, 0, 0, 185, 185, 1, 2.26%, 0, 0, 2, 1695.23
1669884189, 0, 0, 210, 210, 1, 2.28%, 0, 0, 2, 1774.54
1669884195, 0, 0, 223, 223, 1, 2.29%, 0, 0, 2, 1797.05
1669884200, 0, 0, 228, 228, 1, 2.29%, 0, 0, 2, 1754.98
1669884205, 0, 2, 228, 227, 96, 2.29%, 0, 0, 2, 1644.67
1669884210, 0, 3, 228, 226, 95, 2.29%, 0, 0, 2, 1814.28
1669884215, 0, 4, 229, 226, 94, 2.29%, 0, 0, 3, 1876.41
1669884220, 0, 7, 229, 224, 93, 2.29%, 0, 0, 3, 1890.07
1669884225, 0, 8, 229, 223, 93, 2.29%, 0, 0, 3, 1868.56
1669884266, 0, 8, 235, 229, 93, 2.29%, 0, 0, 3, 1612.96
1669884271, 0, 8, 240, 234, 93, 2.31%, 0, 0, 3, 1623.82
1669884276, 0, 8, 247, 241, 93, 2.32%, 0, 0, 3, 1565.44
1669884281, 0, 8, 248, 242, 93, 2.32%, 0, 0, 3, 1666.99
1669884286, 0, 24, 251, 244, 93, 2.32%, 0, 0, 3, 1675.52
1669884312, 0, 24, 254, 247, 93, 2.32%, 0, 0, 3, 1479.06
1669884317, 0, 24, 256, 249, 93, 2.32%, 0, 0, 3, 1501.63
1669884322, 0, 24, 258, 251, 93, 2.32%, 0, 0, 3, 1736.86
1669884327, 0, 24, 260, 253, 93, 2.32%, 0, 0, 3, 1669.72
1669884332, 0, 25, 261, 253, 91, 2.32%, 0, 0, 3, 1576.96
1669884337, 0, 25, 262, 254, 91, 2.33%, 0, 0, 3, 1632.76
1669884342, 0, 25, 263, 255, 91, 2.33%, 0, 0, 3, 1636.84
1669884367, 0, 25, 264, 256, 91, 2.34%, 0, 0, 3, 1481.16
1669884372, 0, 25, 269, 261, 91, 2.34%, 0, 0, 3, 1569.10
1669884377, 0, 25, 275, 267, 91, 2.37%, 0, 0, 3, 1759.86
1669884382, 0, 25, 277, 269, 91, 2.37%, 0, 0, 3, 1787.65
1669884387, 0, 25, 280, 272, 91, 2.37%, 0, 0, 3, 1788.32
1669884392, 0, 26, 280, 271, 94, 2.37%, 0, 0, 3, 1765.58
1669884417, 0, 27, 280, 270, 93, 2.37%, 0, 0, 3, 1670.83
1669884423, 0, 27, 282, 272, 93, 2.38%, 0, 0, 3, 1415.51
1669884453, 0, 27, 283, 273, 93, 2.38%, 0, 0, 3, 1706.12
1669884458, 0, 27, 287, 277, 93, 2.38%, 0, 0, 3, 1769.37
1669884463, 0, 27, 291, 281, 93, 2.38%, 0, 0, 3, 1813.58
1669884468, 0, 27, 292, 282, 93, 2.40%, 0, 0, 3, 1810.99
1669884473, 0, 27, 295, 285, 93, 2.41%, 0, 0, 3, 1823.67
1669884478, 0, 29, 295, 284, 96, 2.41%, 0, 0, 3, 1854.16
1669884488, 0, 32, 295, 283, 95, 2.41%, 0, 0, 3, 1786.93
1669884498, 0, 32, 296, 284, 95, 2.41%, 0, 0, 3, 1751.65
1669884519, 0, 33, 296, 283, 96, 2.41%, 0, 0, 3, 1754.37
1669884554, 0, 33, 297, 284, 96, 2.41%, 0, 0, 3, 1617.78
1669884559, 0, 34, 297, 283, 96, 2.41%, 0, 0, 3, 1673.72
1669884569, 0, 34, 298, 284, 96, 2.41%, 0, 0, 3, 1711.92
1669884595, 0, 37, 298, 283, 95, 2.41%, 0, 0, 3, 1537.02
1669884635, 0, 40, 300, 284, 94, 2.41%, 0, 0, 3, 1601.04
1669884645, 0, 40, 301, 285, 94, 2.41%, 0, 0, 3, 1371.41
1669884680, 0, 49, 301, 284, 94, 2.41%, 0, 0, 3, 1526.74
1669884721, 0, 51, 305, 287, 93, 2.42%, 0, 0, 3, 1831.67
1669884746, 0, 52, 308, 289, 95, 2.43%, 0, 0, 3, 1716.75
1669884772, 0, 53, 310, 290, 95, 2.43%, 0, 0, 3, 1847.53
1669884777, 0, 53, 315, 295, 95, 2.46%, 0, 0, 3, 1798.73
1669884812, 0, 67, 316, 295, 98, 2.46%, 0, 0, 3, 1711.26
1669884848, 0, 71, 316, 294, 97, 2.46%, 0, 0, 3, 1850.33
1669884863, 0, 74, 316, 293, 96, 2.46%, 0, 0, 3, 1853.36
1669884878, 0, 74, 317, 294, 96, 2.46%, 0, 0, 3, 1781.93
1669884898, 0, 75, 317, 293, 95, 2.46%, 0, 0, 3, 1721.89
1669884903, 0, 75, 318, 294, 95, 2.46%, 0, 0, 3, 1695.08
1669884934, 0, 79, 321, 296, 95, 2.48%, 0, 0, 3, 1799.33
1669884939, 0, 79, 326, 301, 95, 2.50%, 0, 0, 3, 1863.94
1669884944, 0, 79, 330, 305, 95, 2.51%, 0, 0, 3, 1834.91
1669884949, 0, 79, 331, 306, 95, 2.53%, 0, 0, 3, 1826.44
1669884954, 0, 79, 332, 307, 95, 2.54%, 0, 0, 3, 1831.92
1669884959, 0, 81, 334, 308, 102, 2.55%, 0, 0, 3, 1757.49
1669884994, 0, 83, 334, 307, 103, 2.55%, 0, 0, 3, 1753.29
1669884999, 0, 88, 336, 308, 102, 2.55%, 0, 0, 3, 1787.34
1669885035, 0, 88, 337, 309, 102, 2.55%, 0, 0, 3, 1687.11
1669885040, 0, 93, 341, 312, 105, 2.56%, 0, 0, 3, 1761.10
1669885076, 0, 96, 342, 312, 106, 2.56%, 0, 0, 3, 1776.19
1669885081, 0, 96, 343, 313, 106, 2.56%, 0, 0, 3, 1779.96
1669885111, 0, 98, 345, 314, 106, 2.62%, 0, 0, 3, 1823.74
1669885136, 0, 99, 351, 319, 106, 2.65%, 0, 0, 3, 1795.46
1669885141, 0, 99, 353, 321, 106, 2.65%, 0, 0, 3, 1790.02
1669885146, 0, 99, 354, 322, 106, 2.66%, 0, 0, 3, 1774.74
1669885172, 0, 102, 354, 321, 112, 2.66%, 0, 0, 3, 1861.87
1669885177, 0, 103, 355, 321, 111, 2.66%, 0, 0, 3, 1784.70
1669885207, 0, 105, 356, 321, 110, 2.66%, 0, 0, 3, 1774.98
1669885212, 0, 105, 362, 327, 110, 2.66%, 0, 0, 3, 1790.28
1669885217, 0, 105, 369, 334, 110, 2.67%, 0, 0, 3, 1771.17
1669885238, 0, 105, 371, 336, 110, 2.67%, 0, 0, 3, 1789.96
1669885243, 0, 109, 372, 336, 110, 2.67%, 0, 0, 3, 1788.48
1669885248, 0, 109, 373, 337, 110, 2.67%, 0, 0, 3, 1788.21
1669885279, 0, 115, 373, 336, 110, 2.67%, 0, 0, 3, 1768.84
1669885299, 0, 119, 373, 335, 109, 2.67%, 0, 0, 3, 1808.92
1669885304, 0, 119, 374, 336, 109, 2.67%, 0, 0, 3, 1851.11
1669885309, 0, 119, 375, 337, 109, 2.67%, 0, 0, 3, 1786.81
1669885330, 0, 120, 376, 337, 110, 2.67%, 0, 0, 3, 1803.96
1669885340, 0, 120, 378, 339, 110, 2.67%, 0, 0, 3, 1788.63
1669885365, 0, 122, 379, 339, 111, 2.68%, 0, 0, 3, 1854.55
1669885385, 0, 123, 379, 338, 111, 2.68%, 0, 0, 3, 1856.47
1669885391, 0, 123, 380, 339, 111, 2.69%, 0, 0, 3, 1812.60
1669885396, 0, 123, 381, 340, 111, 2.69%, 0, 0, 3, 1779.89
1669885421, 0, 126, 381, 339, 111, 2.69%, 0, 0, 3, 1809.21
1669885447, 0, 127, 381, 338, 110, 2.69%, 0, 0, 3, 1846.29
1669885472, 0, 128, 381, 337, 109, 2.69%, 0, 0, 3, 1867.41
1669885492, 0, 129, 381, 336, 108, 2.69%, 0, 0, 3, 1827.46
1669885518, 0, 140, 381, 335, 107, 2.69%, 0, 0, 3, 1828.06
1669885528, 0, 142, 381, 334, 106, 2.69%, 0, 0, 3, 1883.84
1669885533, 0, 147, 381, 333, 104, 2.69%, 0, 0, 3, 1889.21
1669885543, 0, 148, 381, 332, 103, 2.69%, 0, 0, 3, 1875.30
1669885554, 0, 149, 381, 331, 102, 2.69%, 0, 0, 3, 1859.94
1669885564, 0, 165, 381, 329, 100, 2.69%, 0, 0, 3, 1781.66
1669885574, 0, 166, 381, 328, 99, 2.69%, 0, 0, 3, 1813.82
1669885589, 0, 167, 384, 330, 98, 2.78%, 0, 0, 3, 1882.29
1669885594, 0, 167, 396, 342, 98, 2.87%, 0, 0, 3, 1911.57
1669885600, 0, 167, 399, 345, 98, 3.03%, 0, 0, 3, 1913.32
1669885605, 0, 172, 399, 344, 107, 3.03%, 0, 0, 3, 1911.51
1669885615, 0, 179, 400, 343, 106, 3.03%, 0, 0, 3, 1915.82
1669885625, 0, 186, 401, 343, 105, 3.04%, 0, 0, 3, 1914.34
1669885630, 0, 191, 401, 342, 105, 3.04%, 0, 0, 3, 1918.69
1669885635, 0, 191, 408, 349, 105, 3.05%, 0, 0, 3, 1905.13
1669885650, 0, 195, 409, 349, 109, 3.05%, 0, 0, 3, 1893.11
1669885671, 0, 202, 409, 348, 108, 3.05%, 0, 0, 3, 1876.79
1669885681, 0, 204, 410, 348, 107, 3.07%, 0, 0, 3, 1925.89
1669885686, 0, 208, 410, 347, 107, 3.07%, 0, 0, 3, 1884.44
1669885691, 0, 209, 414, 350, 106, 3.07%, 0, 0, 3, 1842.02
1669885696, 0, 209, 422, 358, 106, 3.07%, 0, 0, 3, 1804.03
1669885701, 0, 209, 424, 360, 106, 3.07%, 0, 0, 3, 1816.11
1669885721, 0, 212, 424, 359, 109, 3.07%, 0, 0, 3, 1846.28
1669885747, 0, 213, 426, 360, 108, 3.11%, 0, 0, 3, 1907.40
1669885752, 0, 214, 427, 360, 109, 3.12%, 0, 0, 3, 1807.17
1669885787, 0, 220, 429, 361, 109, 3.12%, 0, 0, 3, 1787.91
1669885807, 0, 221, 429, 360, 109, 3.12%, 0, 0, 3, 1818.02
1669885813, 0, 221, 432, 363, 109, 3.12%, 0, 0, 3, 1791.63
1669885823, 0, 221, 433, 364, 109, 3.12%, 0, 0, 3, 1780.01
1669885843, 0, 222, 434, 364, 109, 3.12%, 0, 0, 3, 1802.79
1669885848, 0, 227, 436, 365, 109, 3.12%, 0, 0, 3, 1856.80
1669885853, 0, 227, 442, 371, 109, 3.14%, 0, 0, 3, 1817.78
1669885858, 0, 227, 443, 372, 109, 3.14%, 0, 0, 3, 1793.85
1669885884, 0, 231, 445, 372, 114, 3.15%, 0, 0, 4, 1853.83
1669885914, 0, 233, 446, 372, 114, 3.15%, 0, 0, 4, 1850.57
1669885924, 0, 240, 446, 371, 113, 3.15%, 0, 0, 4, 1863.12
1669885929, 0, 240, 447, 372, 113, 3.15%, 0, 0, 4, 1842.27
1669885950, 0, 243, 448, 372, 112, 3.15%, 0, 0, 4, 1864.04
1669885975, 0, 245, 450, 373, 111, 3.15%, 0, 0, 4, 1756.76
1669885980, 0, 245, 451, 374, 111, 3.15%, 0, 0, 4, 1740.64
1669886000, 0, 247, 451, 373, 111, 3.15%, 0, 0, 4, 1736.63
1669886011, 0, 247, 452, 374, 111, 3.15%, 0, 0, 4, 1734.73
1669886036, 0, 262, 454, 375, 110, 3.15%, 0, 0, 4, 1711.86
1669886041, 0, 262, 455, 376, 110, 3.16%, 0, 0, 4, 1699.85
1669886071, 0, 266, 456, 376, 111, 3.16%, 0, 0, 4, 1756.32
1669886102, 0, 267, 456, 375, 111, 3.16%, 0, 0, 4, 1860.24
1669886112, 0, 269, 460, 378, 110, 3.16%, 0, 0, 4, 1775.88
1669886117, 0, 269, 461, 379, 110, 3.16%, 0, 0, 4, 1747.44
1669886138, 0, 276, 462, 379, 111, 3.16%, 0, 0, 4, 1778.12
1669886163, 0, 277, 462, 378, 111, 3.16%, 0, 0, 4, 1823.36
1669886173, 0, 278, 462, 377, 110, 3.16%, 0, 0, 4, 1866.65
1669886183, 0, 284, 463, 377, 109, 3.16%, 0, 0, 4, 1792.02
1669886214, 0, 291, 465, 378, 108, 3.16%, 0, 0, 4, 1867.95
1669886219, 0, 291, 473, 386, 108, 3.17%, 0, 0, 4, 1897.87
1669886225, 0, 291, 475, 388, 108, 3.17%, 0, 0, 4, 1907.69
1669886235, 0, 293, 477, 389, 111, 3.17%, 0, 0, 4, 1820.87
1669886240, 0, 293, 478, 390, 111, 3.17%, 0, 0, 4, 1771.25
1669886270, 0, 294, 481, 392, 111, 3.17%, 0, 0, 4, 1816.27
1669886275, 0, 294, 483, 394, 111, 3.17%, 0, 0, 4, 1822.92
1669886301, 0, 300, 484, 394, 110, 3.17%, 0, 0, 4, 1799.40
1669886336, 0, 302, 486, 395, 110, 3.17%, 0, 0, 4, 1849.78
1669886362, 0, 303, 491, 399, 109, 3.25%, 0, 0, 4, 1806.34
1669886367, 0, 303, 492, 400, 109, 3.26%, 0, 0, 4, 1780.74
1669886397, 0, 306, 501, 408, 112, 3.29%, 0, 0, 4, 1795.12
1669886403, 0, 306, 502, 409, 112, 3.29%, 0, 0, 4, 1777.32
1669886433, 0, 310, 503, 409, 117, 3.29%, 0, 0, 4, 1786.93
1669886468, 0, 311, 505, 410, 116, 3.29%, 0, 0, 4, 1820.82
1669886494, 0, 313, 510, 414, 116, 3.30%, 0, 0, 4, 1800.97
1669886504, 0, 313, 512, 416, 116, 3.30%, 0, 0, 4, 1797.43
1669886529, 0, 314, 514, 417, 118, 3.30%, 0, 0, 4, 1795.38
1669886565, 0, 316, 516, 418, 117, 3.30%, 0, 0, 4, 1775.77
1669886590, 0, 317, 516, 417, 117, 3.30%, 0, 0, 4, 1796.75
1669886621, 0, 318, 516, 416, 116, 3.30%, 0, 0, 4, 1851.07
1669886626, 0, 320, 516, 415, 115, 3.30%, 0, 0, 4, 1877.42
1669886636, 0, 322, 516, 414, 114, 3.30%, 0, 0, 4, 1902.76
1669886641, 0, 323, 517, 414, 114, 3.31%, 0, 0, 4, 1893.50
1669886651, 0, 325, 518, 413, 112, 3.31%, 0, 0, 4, 1899.01
1669886656, 0, 325, 519, 414, 112, 3.31%, 0, 0, 4, 1893.55
1669886661, 0, 328, 526, 419, 113, 3.33%, 0, 0, 4, 1871.40
1669886671, 0, 329, 526, 418, 113, 3.33%, 0, 0, 4, 1887.78
1669886676, 0, 330, 529, 420, 113, 3.34%, 0, 0, 4, 1906.84
1669886687, 0, 331, 530, 420, 115, 3.35%, 0, 0, 4, 1913.03
1669886692, 0, 333, 532, 421, 114, 3.35%, 0, 0, 4, 1864.91
1669886727, 0, 338, 532, 420, 114, 3.35%, 0, 0, 4, 1795.54
1669886732, 0, 338, 533, 421, 114, 3.35%, 0, 0, 4, 1806.29
1669886763, 0, 342, 533, 420, 112, 3.35%, 0, 0, 4, 1801.58
1669886798, 0, 344, 535, 421, 111, 3.35%, 0, 0, 4, 1798.83
1669886803, 0, 344, 550, 436, 111, 3.78%, 0, 0, 4, 1791.97
1669886809, 0, 344, 551, 437, 111, 3.78%, 0, 0, 4, 1783.19
1669886829, 0, 344, 553, 439, 111, 3.78%, 0, 0, 4, 1787.20
1669886834, 0, 345, 557, 442, 126, 3.78%, 0, 0, 4, 1795.28
1669886839, 0, 345, 559, 444, 126, 3.78%, 0, 0, 4, 1809.69
1669886844, 0, 345, 560, 445, 126, 3.78%, 0, 0, 4, 1783.91
1669886869, 0, 347, 560, 444, 126, 3.78%, 0, 0, 4, 1805.52
1669886875, 0, 347, 561, 445, 126, 3.78%, 0, 0, 4, 1799.76
1669886905, 0, 350, 561, 444, 125, 3.78%, 0, 0, 4, 1786.20
1669886941, 0, 357, 562, 444, 124, 3.79%, 0, 0, 4, 1776.48
1669886946, 0, 357, 563, 445, 124, 3.79%, 0, 0, 4, 1803.08
1669886971, 0, 357, 564, 446, 124, 3.79%, 0, 0, 4, 1803.69
1669886976, 0, 362, 565, 446, 125, 3.79%, 0, 0, 4, 1805.43
1669887012, 0, 363, 565, 445, 124, 3.79%, 0, 0, 4, 1825.39
1669887017, 0, 363, 566, 446, 124, 3.79%, 0, 0, 4, 1857.15
1669887042, 0, 364, 567, 446, 122, 3.79%, 0, 0, 4, 1807.86
1669887047, 0, 364, 568, 447, 122, 3.79%, 0, 0, 4, 1794.04
1669887078, 0, 365, 568, 446, 121, 3.79%, 0, 0, 4, 1806.02
1669887088, 0, 365, 569, 447, 121, 3.79%, 0, 0, 4, 1811.75
1669887113, 0, 369, 569, 446, 120, 3.79%, 0, 0, 4, 1812.00
1669887139, 0, 370, 569, 445, 119, 3.79%, 0, 0, 4, 1831.04
1669887169, 0, 377, 570, 445, 118, 3.79%, 0, 0, 4, 1825.59
1669887205, 0, 378, 573, 447, 117, 3.79%, 0, 0, 4, 1791.29
1669887215, 0, 378, 575, 449, 117, 3.79%, 0, 0, 4, 1789.74
1669887241, 0, 380, 576, 449, 119, 3.79%, 0, 0, 4, 1808.94
1669887246, 0, 380, 577, 450, 119, 3.79%, 0, 0, 4, 1808.26
1669887271, 0, 384, 577, 449, 119, 3.79%, 0, 0, 4, 1875.99
1669887276, 0, 386, 577, 448, 118, 3.79%, 0, 0, 4, 1838.21
1669887281, 0, 389, 580, 450, 119, 3.83%, 0, 0, 4, 1793.15
1669887286, 0, 389, 581, 451, 119, 3.84%, 0, 0, 4, 1742.90
1669887291, 0, 390, 581, 450, 119, 3.84%, 0, 0, 4, 1837.40
1669887301, 0, 392, 582, 450, 118, 3.86%, 0, 0, 4, 1879.26
1669887306, 0, 393, 582, 449, 118, 3.86%, 0, 0, 4, 1897.36
1669887311, 0, 394, 582, 448, 117, 3.86%, 0, 0, 4, 1889.63
1669887316, 0, 395, 583, 448, 117, 3.87%, 0, 0, 4, 1910.67
1669887321, 0, 396, 583, 447, 116, 3.87%, 0, 0, 4, 1883.05
1669887326, 0, 397, 607, 470, 115, 3.91%, 0, 0, 4, 1840.07
1669887332, 0, 397, 626, 489, 115, 3.93%, 0, 0, 4, 1847.34
1669887337, 0, 397, 627, 490, 115, 3.93%, 0, 0, 4, 1870.09
1669887347, 0, 397, 628, 491, 115, 3.93%, 0, 0, 4, 1875.96
1669887352, 0, 398, 628, 490, 136, 3.93%, 0, 0, 4, 1873.31
1669887357, 0, 399, 628, 489, 135, 3.93%, 0, 0, 4, 1900.99
1669887367, 0, 400, 628, 488, 134, 3.93%, 0, 0, 4, 1931.85
1669887372, 0, 402, 628, 487, 133, 3.93%, 0, 0, 4, 1915.12
1669887377, 0, 405, 628, 485, 131, 3.93%, 0, 0, 4, 1898.85
1669887387, 0, 407, 628, 484, 130, 3.93%, 0, 0, 4, 1895.87
1669887398, 0, 411, 628, 483, 129, 3.93%, 0, 0, 4, 1833.47
1669887423, 0, 412, 628, 482, 128, 3.93%, 0, 0, 4, 1641.51
1669887454, 0, 413, 628, 481, 127, 3.93%, 0, 0, 4, 1808.04
1669887484, 0, 415, 628, 480, 126, 3.93%, 0, 0, 4, 1751.40
1669887515, 0, 417, 629, 480, 125, 3.93%, 0, 0, 4, 1764.97
1669887545, 0, 420, 630, 480, 124, 3.93%, 0, 0, 4, 1804.81
1669887576, 0, 422, 630, 479, 123, 3.93%, 0, 0, 4, 1806.74
1669887611, 0, 423, 630, 478, 122, 3.93%, 0, 0, 4, 1813.46
1669887641, 0, 425, 632, 479, 121, 3.94%, 0, 0, 4, 1895.52
1669887646, 0, 427, 635, 481, 123, 3.94%, 0, 0, 4, 1842.80
1669887682, 0, 427, 637, 483, 123, 3.94%, 0, 0, 4, 1772.61
1669887687, 0, 428, 637, 482, 124, 3.94%, 0, 0, 4, 1823.11
1669887708, 0, 431, 638, 482, 123, 3.94%, 0, 0, 4, 1808.36
1669887743, 0, 433, 638, 481, 123, 3.94%, 0, 0, 4, 1849.51
1669887748, 0, 434, 638, 480, 122, 3.94%, 0, 0, 4, 1853.78
1669887779, 0, 437, 639, 480, 121, 3.94%, 0, 0, 4, 1819.53
1669887809, 0, 438, 639, 479, 121, 3.94%, 0, 0, 4, 1812.87
1669887845, 0, 442, 639, 478, 121, 3.94%, 0, 0, 4, 1833.10
1669887870, 0, 444, 642, 479, 122, 3.95%, 0, 0, 5, 1891.21
1669887875, 0, 445, 642, 478, 121, 3.95%, 0, 0, 5, 1907.71
1669887906, 0, 448, 642, 477, 120, 3.95%, 0, 0, 5, 1797.33
1669887931, 0, 451, 643, 477, 119, 3.95%, 0, 0, 5, 1762.07
1669887972, 0, 454, 645, 478, 118, 3.95%, 0, 0, 5, 1704.91
1669888002, 0, 454, 646, 479, 118, 3.96%, 0, 0, 5, 1697.10
1669888007, 0, 455, 646, 478, 118, 3.96%, 0, 0, 5, 1758.90
1669888013, 0, 455, 647, 479, 118, 3.96%, 0, 0, 5, 1814.58
1669888038, 0, 457, 648, 479, 117, 3.96%, 0, 0, 5, 1798.09
1669888068, 0, 459, 650, 480, 116, 3.96%, 0, 0, 5, 1745.23
1669888088, 0, 459, 651, 481, 116, 3.96%, 0, 0, 5, 1764.47
1669888094, 0, 462, 651, 480, 116, 3.96%, 0, 0, 5, 1766.08
1669888124, 0, 465, 651, 479, 115, 3.96%, 0, 0, 5, 1847.33
1669888129, 0, 465, 653, 481, 115, 4.04%, 0, 0, 5, 1885.08
1669888134, 0, 470, 653, 479, 115, 4.04%, 0, 0, 5, 1889.65
1669888139, 0, 470, 659, 485, 115, 4.05%, 0, 0, 5, 1885.62
1669888144, 0, 470, 662, 488, 115, 4.06%, 0, 0, 5, 1850.83
1669888150, 0, 470, 663, 489, 115, 4.06%, 0, 0, 5, 1831.03
1669888160, 0, 475, 663, 487, 118, 4.06%, 0, 0, 5, 1844.34
1669888195, 0, 478, 663, 486, 117, 4.06%, 0, 0, 5, 1818.32
1669888226, 0, 480, 663, 485, 116, 4.06%, 0, 0, 5, 1828.24
1669888261, 0, 481, 663, 484, 115, 4.06%, 0, 0, 5, 1827.84
1669888292, 0, 482, 664, 484, 114, 4.06%, 0, 0, 5, 1824.99
1669888297, 0, 482, 665, 485, 114, 4.06%, 0, 0, 5, 1823.32
1669888323, 0, 483, 665, 484, 113, 4.06%, 0, 0, 5, 1823.03
1669888363, 0, 485, 665, 483, 112, 4.06%, 0, 0, 5, 1854.33
1669888388, 0, 486, 668, 485, 111, 4.06%, 0, 0, 5, 1829.98
1669888419, 0, 487, 669, 485, 111, 4.06%, 0, 0, 5, 1842.91
1669888444, 0, 489, 670, 485, 110, 4.06%, 0, 0, 5, 1830.86
1669888480, 0, 490, 682, 496, 110, 4.12%, 0, 0, 5, 1792.03
1669888485, 0, 490, 686, 500, 110, 4.12%, 0, 0, 5, 1778.57
1669888490, 0, 490, 690, 504, 110, 4.13%, 0, 0, 5, 1774.88
1669888510, 0, 490, 691, 505, 110, 4.15%, 0, 0, 5, 1773.72
1669888515, 0, 490, 693, 507, 110, 4.15%, 0, 0, 5, 1832.95
1669888520, 0, 491, 707, 520, 122, 4.22%, 0, 0, 5, 1763.82
1669888525, 0, 491, 709, 522, 122, 4.22%, 0, 0, 5, 1738.01
1669888546, 0, 491, 710, 523, 122, 4.22%, 0, 0, 5, 1771.54
1669888551, 0, 491, 712, 525, 122, 4.23%, 0, 0, 5, 1760.18
1669888556, 0, 495, 715, 527, 127, 4.23%, 0, 0, 5, 1793.11
1669888566, 0, 495, 716, 528, 127, 4.23%, 0, 0, 5, 1681.75
1669888597, 0, 496, 719, 530, 128, 4.23%, 0, 0, 5, 1787.94
1669888632, 0, 497, 720, 530, 128, 4.23%, 0, 0, 5, 1787.71
1669888667, 0, 499, 721, 530, 127, 4.23%, 0, 0, 5, 1807.22
1669888673, 0, 499, 722, 531, 127, 4.23%, 0, 0, 5, 1807.98
1669888703, 0, 504, 723, 531, 126, 4.23%, 0, 0, 5, 1807.10
1669888744, 0, 506, 724, 531, 125, 4.23%, 0, 0, 5, 1841.77
1669888769, 0, 507, 728, 534, 125, 4.24%, 0, 0, 5, 1799.34
1669888805, 0, 510, 728, 533, 127, 4.24%, 0, 0, 5, 1791.92
1669888845, 0, 511, 729, 533, 126, 4.24%, 0, 0, 5, 1800.36
1669888876, 0, 511, 730, 534, 126, 4.24%, 0, 0, 5, 1808.95
1669888881, 0, 514, 730, 533, 126, 4.24%, 0, 0, 5, 1786.25
1669888906, 0, 516, 732, 534, 125, 4.25%, 0, 0, 5, 1860.51
1669888911, 0, 516, 735, 537, 125, 4.26%, 0, 0, 5, 1881.87
1669888916, 0, 516, 736, 538, 125, 4.26%, 0, 0, 5, 1888.76
1669888921, 0, 516, 737, 539, 125, 4.27%, 0, 0, 5, 1890.41
1669888932, 0, 517, 737, 538, 130, 4.27%, 0, 0, 5, 1891.31
1669888937, 0, 518, 737, 537, 129, 4.27%, 0, 0, 5, 1892.33
1669888947, 0, 519, 737, 536, 128, 4.27%, 0, 0, 5, 1909.18
1669888952, 0, 519, 738, 537, 128, 4.27%, 0, 0, 5, 1906.10
1669888957, 0, 522, 745, 543, 128, 4.27%, 0, 0, 5, 1903.15
1669888962, 0, 522, 748, 546, 128, 4.27%, 0, 0, 5, 1893.74
1669888967, 0, 522, 752, 550, 128, 4.28%, 0, 0, 5, 1889.54
1669888972, 0, 524, 752, 549, 132, 4.28%, 0, 0, 5, 1891.85
1669888977, 0, 525, 752, 548, 131, 4.28%, 0, 0, 5, 1834.68
1669888982, 0, 526, 753, 548, 131, 4.28%, 0, 0, 5, 1848.58
1669888992, 0, 527, 753, 547, 130, 4.28%, 0, 0, 5, 1890.24
1669889003, 0, 528, 753, 546, 129, 4.28%, 0, 0, 5, 1909.82
1669889013, 0, 529, 754, 546, 128, 4.29%, 0, 0, 5, 1911.78
1669889018, 0, 530, 754, 545, 128, 4.29%, 0, 0, 5, 1882.21
1669889058, 0, 532, 754, 544, 127, 4.29%, 0, 0, 5, 1801.27
1669889094, 0, 535, 755, 544, 126, 4.29%, 0, 0, 5, 1787.18
1669889129, 0, 536, 784, 572, 125, 4.38%, 0, 0, 5, 1730.29
1669889134, 0, 536, 790, 578, 125, 4.40%, 0, 0, 5, 1714.41
1669889140, 0, 536, 798, 586, 125, 4.44%, 0, 0, 5, 1733.73
1669889145, 0, 536, 800, 588, 125, 4.45%, 0, 0, 5, 1728.66
1669889155, 0, 536, 802, 590, 125, 4.45%, 0, 0, 5, 1751.22
1669889160, 0, 536, 806, 594, 125, 4.45%, 0, 0, 5, 1729.20
1669889165, 0, 536, 811, 599, 125, 4.46%, 0, 0, 5, 1796.23
1669889171, 0, 536, 812, 600, 125, 4.46%, 0, 0, 5, 1829.76
1669889176, 0, 536, 814, 602, 125, 4.46%, 0, 0, 5, 1849.20
1669889181, 0, 538, 818, 605, 151, 4.46%, 0, 0, 5, 1788.02
1669889186, 0, 538, 821, 608, 151, 4.46%, 0, 0, 5, 1753.03
1669889216, 0, 539, 822, 608, 153, 4.46%, 0, 0, 5, 1778.74
1669889252, 0, 540, 822, 607, 152, 4.46%, 0, 0, 5, 1788.82
1669889287, 0, 541, 822, 606, 151, 4.46%, 0, 0, 5, 1793.03
1669889323, 0, 542, 822, 605, 150, 4.46%, 0, 0, 5, 1809.51
1669889328, 0, 542, 823, 606, 150, 4.47%, 0, 0, 5, 1852.46
1669889353, 0, 543, 825, 607, 150, 4.47%, 0, 0, 5, 1803.92
1669889388, 0, 544, 832, 613, 151, 4.48%, 0, 0, 5, 1776.46
1669889393, 0, 544, 836, 617, 151, 4.49%, 0, 0, 5, 1725.09
1669889398, 0, 544, 839, 620, 151, 4.49%, 0, 0, 5, 1701.39
1669889419, 0, 544, 842, 623, 151, 4.49%, 0, 0, 5, 1720.60
1669889429, 0, 544, 845, 626, 151, 4.49%, 0, 0, 5, 1792.81
1669889434, 0, 544, 847, 628, 151, 4.49%, 0, 0, 5, 1833.86
1669889439, 0, 545, 850, 630, 150, 4.49%, 0, 0, 5, 1852.18
1669889444, 0, 545, 855, 635, 150, 4.49%, 0, 0, 5, 1768.21
1669889480, 0, 546, 857, 636, 152, 4.49%, 0, 0, 5, 1777.77
1669889511, 0, 546, 858, 637, 152, 4.49%, 0, 0, 5, 1766.29
1669889521, 0, 548, 859, 637, 152, 4.49%, 0, 0, 5, 1747.32
1669889526, 0, 548, 860, 638, 152, 4.49%, 0, 0, 5, 1727.45
1669889561, 0, 550, 861, 638, 151, 4.50%, 0, 0, 5, 1806.69
1669889592, 0, 552, 862, 638, 151, 4.50%, 0, 0, 5, 1797.97
1669889627, 0, 554, 865, 640, 151, 4.51%, 0, 0, 5, 1804.41
1669889632, 0, 554, 867, 642, 151, 4.51%, 0, 0, 5, 1789.46
1669889667, 0, 555, 867, 641, 152, 4.51%, 0, 0, 5, 1795.86
1669889703, 0, 556, 867, 640, 151, 4.51%, 0, 0, 5, 1813.12
1669889738, 0, 557, 867, 639, 150, 4.51%, 0, 0, 5, 1819.75
1669889774, 0, 558, 867, 638, 149, 4.51%, 0, 0, 5, 1817.32
1669889814, 0, 559, 868, 638, 148, 4.51%, 0, 0, 5, 1806.53
1669889850, 0, 561, 869, 638, 149, 4.52%, 0, 0, 5, 1829.56
1669889855, 0, 561, 871, 640, 149, 4.52%, 0, 0, 5, 1825.85
1669889885, 0, 562, 873, 641, 150, 4.52%, 0, 0, 5, 1814.47
1669889890, 0, 562, 874, 642, 150, 4.52%, 0, 0, 5, 1810.24
1669889916, 0, 565, 874, 641, 149, 4.52%, 0, 0, 5, 1797.81
1669889957, 0, 567, 874, 640, 148, 4.52%, 0, 0, 5, 1811.46
1669889987, 0, 572, 875, 640, 147, 4.52%, 0, 0, 5, 1811.12
1669889992, 0, 572, 876, 641, 147, 4.53%, 0, 0, 5, 1833.04
1669890018, 0, 573, 877, 641, 148, 4.53%, 0, 0, 5, 1797.20
1669890053, 0, 575, 877, 640, 147, 4.53%, 0, 0, 5, 1804.99
1669890083, 0, 578, 877, 639, 146, 4.53%, 0, 0, 5, 1832.15
1669890088, 0, 578, 883, 645, 146, 4.58%, 0, 0, 5, 1849.32
1669890093, 0, 578, 886, 648, 146, 4.59%, 0, 0, 5, 1852.80
1669890098, 0, 578, 889, 651, 146, 4.64%, 0, 0, 5, 1828.16
1669890104, 0, 578, 890, 652, 146, 4.64%, 0, 0, 5, 1854.06
1669890109, 0, 579, 892, 653, 149, 4.64%, 0, 0, 5, 1874.04
1669890114, 0, 579, 899, 660, 149, 4.64%, 0, 0, 5, 1897.90
1669890119, 0, 579, 908, 669, 149, 4.64%, 0, 0, 5, 1897.11
1669890124, 0, 579, 911, 672, 149, 4.64%, 0, 0, 5, 1896.98
1669890129, 0, 579, 915, 676, 149, 4.64%, 0, 0, 5, 1895.85
1669890134, 0, 581, 917, 677, 148, 4.64%, 0, 0, 5, 1848.11
1669890139, 0, 581, 920, 680, 148, 4.64%, 0, 0, 5, 1861.79
1669890144, 0, 581, 925, 685, 148, 4.65%, 0, 0, 5, 1870.25
1669890149, 0, 581, 927, 687, 148, 4.65%, 0, 0, 5, 1877.29
1669890154, 0, 582, 929, 688, 154, 4.66%, 0, 0, 5, 1866.82
1669890160, 0, 582, 942, 701, 154, 4.68%, 0, 0, 5, 1905.50
1669890165, 0, 582, 944, 703, 154, 4.68%, 0, 0, 5, 1910.71
1669890170, 0, 583, 944, 702, 168, 4.68%, 0, 0, 5, 1857.64
1669890180, 0, 584, 944, 701, 168, 4.68%, 0, 0, 5, 1853.70
1669890185, 0, 586, 944, 700, 167, 4.68%, 0, 0, 5, 1859.01
1669890195, 0, 594, 944, 699, 166, 4.68%, 0, 0, 5, 1842.98
1669890205, 0, 595, 944, 698, 165, 4.68%, 0, 0, 5, 1841.97
1669890215, 0, 599, 944, 697, 164, 4.68%, 0, 0, 5, 1820.31
1669890220, 0, 604, 944, 696, 163, 4.68%, 0, 0, 5, 1837.24
1669890231, 0, 608, 944, 695, 162, 4.68%, 0, 0, 5, 1839.77
1669890241, 0, 609, 944, 694, 161, 4.68%, 0, 0, 5, 1838.07
1669890251, 0, 612, 944, 693, 160, 4.68%, 0, 0, 5, 1855.66
1669890256, 0, 613, 944, 692, 159, 4.68%, 0, 0, 5, 1852.39
1669890266, 0, 616, 944, 691, 158, 4.68%, 0, 0, 5, 1830.65
1669890276, 0, 617, 944, 690, 157, 4.68%, 0, 0, 5, 1835.57
1669890281, 0, 619, 944, 689, 156, 4.68%, 0, 0, 5, 1856.02
1669890291, 0, 622, 944, 688, 155, 4.68%, 0, 0, 5, 1863.11
1669890302, 0, 623, 944, 687, 154, 4.68%, 0, 0, 5, 1857.84
1669890312, 0, 624, 946, 688, 153, 4.71%, 0, 0, 5, 1866.23
1669890317, 0, 625, 946, 687, 154, 4.71%, 0, 0, 5, 1866.73
1669890327, 0, 626, 946, 686, 153, 4.71%, 0, 0, 5, 1847.34
1669890337, 0, 629, 946, 685, 152, 4.71%, 0, 0, 5, 1803.25
1669890342, 0, 629, 947, 686, 152, 4.71%, 0, 0, 5, 1794.81
1669890368, 0, 630, 947, 685, 152, 4.71%, 0, 0, 5, 1876.98
1669890373, 0, 631, 947, 684, 151, 4.71%, 0, 0, 5, 1912.17
1669890383, 0, 632, 958, 694, 150, 4.82%, 0, 0, 5, 1904.92
1669890388, 0, 633, 958, 693, 159, 4.82%, 0, 0, 5, 1906.58
1669890398, 0, 634, 958, 692, 158, 4.82%, 0, 0, 5, 1782.99
1669890428, 0, 634, 959, 693, 158, 4.82%, 0, 0, 5, 1751.12
1669890434, 0, 635, 959, 692, 157, 4.82%, 0, 0, 5, 1779.63
1669890469, 0, 637, 959, 691, 156, 4.82%, 0, 0, 5, 1800.40
1669890509, 0, 638, 961, 692, 155, 4.82%, 0, 0, 5, 1787.70
1669890515, 0, 638, 962, 693, 155, 4.82%, 0, 0, 5, 1775.42
1669890545, 0, 641, 962, 690, 152, 4.82%, 0, 0, 5, 1891.64
1669890550, 0, 645, 967, 694, 151, 4.83%, 0, 0, 6, 1735.51
1669890591, 0, 646, 968, 694, 153, 4.83%, 0, 0, 6, 1791.20
1669890626, 0, 648, 968, 693, 152, 4.83%, 0, 0, 6, 1788.65
1669890652, 0, 651, 972, 696, 151, 4.84%, 0, 0, 6, 1837.36
1669890662, 0, 652, 980, 703, 155, 4.86%, 0, 0, 6, 1892.86
1669890667, 0, 652, 981, 704, 155, 4.86%, 0, 0, 6, 1913.58
1669890672, 0, 653, 981, 703, 160, 4.86%, 0, 0, 6, 1902.21
1669890677, 0, 655, 981, 701, 158, 4.86%, 0, 0, 6, 1912.42
1669890682, 0, 657, 982, 701, 158, 4.86%, 0, 0, 6, 1919.69
1669890687, 0, 660, 988, 706, 157, 4.92%, 0, 0, 6, 1915.38
1669890692, 0, 660, 990, 708, 157, 4.93%, 0, 0, 6, 1922.61
1669890697, 0, 660, 994, 712, 157, 4.97%, 0, 0, 6, 1902.96
1669890702, 0, 660, 996, 714, 157, 4.98%, 0, 0, 6, 1894.83
1669890708, 0, 660, 997, 715, 157, 4.98%, 0, 0, 6, 1898.80
1669890713, 0, 664, 998, 715, 169, 4.98%, 0, 0, 6, 1859.18
1669890748, 0, 665, 999, 715, 168, 4.98%, 0, 0, 6, 1828.52
1669890779, 0, 666, 999, 714, 168, 4.98%, 0, 0, 6, 1816.30
1669890809, 0, 669, 999, 713, 167, 4.98%, 0, 0, 6, 1826.73
1669890845, 0, 674, 1001, 714, 166, 4.98%, 0, 0, 6, 1788.90
1669890875, 0, 675, 1003, 715, 166, 4.99%, 0, 0, 6, 1781.24
1669890916, 0, 680, 1004, 715, 165, 4.99%, 0, 0, 6, 1765.63
1669890946, 0, 681, 1004, 714, 164, 4.99%, 0, 0, 6, 1793.61
1669890982, 0, 685, 1005, 714, 163, 4.99%, 0, 0, 6, 1735.05
1669891007, 0, 685, 1006, 715, 163, 5.02%, 0, 0, 6, 1731.18
1669891012, 0, 685, 1011, 720, 163, 5.06%, 0, 0, 6, 1710.32
1669891017, 0, 687, 1012, 720, 168, 5.06%, 0, 0, 6, 1753.85
1669891048, 0, 687, 1013, 721, 168, 5.07%, 0, 0, 6, 1764.00
1669891053, 0, 688, 1014, 721, 169, 5.07%, 0, 0, 6, 1740.86
1669891078, 0, 688, 1015, 722, 169, 5.09%, 0, 0, 6, 1747.83
1669891083, 0, 688, 1016, 723, 169, 5.09%, 0, 0, 6, 1772.84
1669891088, 0, 689, 1017, 723, 170, 5.09%, 0, 0, 6, 1734.41
1669891114, 0, 689, 1018, 724, 170, 5.10%, 0, 0, 6, 1732.02
1669891124, 0, 690, 1027, 732, 170, 5.17%, 0, 0, 6, 1781.40
1669891149, 0, 690, 1028, 733, 170, 5.17%, 0, 0, 6, 1802.33
1669891155, 0, 690, 1029, 734, 170, 5.17%, 0, 0, 6, 1809.00
1669891160, 0, 697, 1041, 745, 175, 5.22%, 0, 0, 6, 1638.19
1669891165, 0, 697, 1043, 747, 175, 5.22%, 0, 0, 6, 1566.88
1669891196, 0, 697, 1044, 748, 175, 5.22%, 0, 0, 6, 1705.55
1669891201, 0, 697, 1050, 754, 175, 5.22%, 0, 0, 6, 1814.57
1669891206, 0, 697, 1053, 757, 175, 5.22%, 0, 0, 6, 1838.21
1669891211, 0, 697, 1054, 758, 175, 5.22%, 0, 0, 6, 1844.62
1669891216, 0, 699, 1055, 758, 180, 5.22%, 0, 0, 6, 1748.14
1669891252, 0, 704, 1056, 758, 179, 5.22%, 0, 0, 6, 1750.04
1669891287, 0, 706, 1058, 759, 179, 5.23%, 0, 0, 6, 1746.90
1669891292, 0, 706, 1059, 760, 179, 5.23%, 0, 0, 6, 1706.76
1669891318, 0, 706, 1061, 762, 179, 5.24%, 0, 0, 6, 1707.19
1669891328, 0, 710, 1063, 763, 182, 5.24%, 0, 0, 6, 1771.02
1669891363, 0, 711, 1065, 764, 184, 5.25%, 0, 0, 6, 1780.23
1669891404, 0, 712, 1073, 771, 184, 5.25%, 0, 0, 6, 1791.01
1669891409, 0, 712, 1075, 773, 184, 5.25%, 0, 0, 6, 1788.18
1669891414, 0, 712, 1076, 774, 184, 5.25%, 0, 0, 6, 1796.35
1669891429, 0, 712, 1077, 775, 184, 5.25%, 0, 0, 6, 1802.54
1669891440, 0, 714, 1078, 775, 182, 5.25%, 0, 0, 6, 1815.42
1669891475, 0, 715, 1079, 775, 182, 5.25%, 0, 0, 6, 1794.58
1669891511, 0, 720, 1080, 775, 181, 5.25%, 0, 0, 6, 1826.33
1669891516, 0, 720, 1081, 776, 181, 5.25%, 0, 0, 6, 1813.12
1669891551, 0, 721, 1081, 775, 181, 5.25%, 0, 0, 6, 1805.18
1669891587, 0, 723, 1081, 774, 180, 5.25%, 0, 0, 6, 1845.70
1669891612, 0, 725, 1082, 774, 179, 5.25%, 0, 0, 6, 1839.92
1669891647, 0, 727, 1084, 775, 178, 5.25%, 0, 0, 6, 1819.95
1669891683, 0, 729, 1085, 775, 179, 5.26%, 0, 0, 6, 1812.03
1669891719, 0, 730, 1085, 774, 179, 5.26%, 0, 0, 6, 1648.41
1669891734, 0, 732, 1086, 774, 178, 5.27%, 0, 0, 6, 1089.38
1669891749, 0, 733, 1086, 773, 178, 5.27%, 0, 0, 6, 1090.21
1669891759, 0, 733, 1087, 774, 178, 5.28%, 0, 0, 6, 1076.07
1669891764, 0, 733, 1088, 775, 178, 5.28%, 0, 0, 6, 1068.18
1669891769, 0, 734, 1088, 774, 179, 5.28%, 0, 0, 6, 1080.39
1669891790, 0, 735, 1088, 773, 178, 5.28%, 0, 0, 6, 1050.69
1669891805, 0, 736, 1088, 772, 177, 5.28%, 0, 0, 6, 1096.13
1669891820, 0, 737, 1088, 771, 176, 5.28%, 0, 0, 6, 1101.29
1669891835, 0, 738, 1092, 774, 175, 5.31%, 0, 0, 6, 1095.31
1669891840, 0, 738, 1093, 775, 175, 5.31%, 0, 0, 6, 1088.12
1669891845, 0, 738, 1095, 777, 175, 5.31%, 0, 0, 6, 1094.61
1669891860, 0, 738, 1098, 780, 175, 5.35%, 0, 0, 6, 1088.34
1669891865, 0, 740, 1099, 780, 180, 5.35%, 0, 0, 6, 1093.66
1669891870, 0, 741, 1105, 785, 180, 5.36%, 0, 0, 6, 1087.83
1669891875, 0, 741, 1109, 789, 180, 5.38%, 0, 0, 6, 1080.37
1669891880, 0, 741, 1111, 791, 180, 5.38%, 0, 0, 6, 1224.17
1669891886, 0, 742, 1115, 794, 184, 5.38%, 0, 0, 6, 1758.81
1669891891, 0, 752, 1118, 794, 184, 5.39%, 0, 0, 6, 1868.58
1669891901, 0, 753, 1121, 796, 183, 5.40%, 0, 0, 6, 1878.72
1669891906, 0, 753, 1122, 797, 183, 5.41%, 0, 0, 6, 1907.59
1669891911, 0, 764, 1127, 801, 186, 5.43%, 0, 0, 6, 1814.76
1669891916, 0, 764, 1130, 804, 186, 5.44%, 0, 0, 6, 1753.54
1669891952, 0, 766, 1131, 804, 192, 5.44%, 0, 0, 6, 1788.43
1669891962, 0, 766, 1132, 805, 192, 5.44%, 0, 0, 6, 1690.94
1669891973, 0, 766, 1133, 806, 192, 5.44%, 0, 0, 6, 1724.00
1669891993, 0, 770, 1133, 805, 192, 5.44%, 0, 0, 6, 1749.81
1669891998, 0, 770, 1136, 808, 192, 5.44%, 0, 0, 6, 1724.78
1669892034, 0, 771, 1136, 807, 192, 5.44%, 0, 0, 6, 1749.14
1669892075, 0, 773, 1136, 806, 191, 5.44%, 0, 0, 6, 1761.58
1669892116, 0, 775, 1136, 805, 190, 5.44%, 0, 0, 6, 1759.95
1669892121, 0, 775, 1137, 806, 190, 5.44%, 0, 0, 6, 1735.18
1669892156, 0, 782, 1137, 805, 189, 5.44%, 0, 0, 6, 1763.81
1669892161, 0, 782, 1138, 806, 189, 5.44%, 0, 0, 6, 1733.41
1669892177, 0, 782, 1139, 807, 189, 5.45%, 0, 0, 6, 1734.50
1669892197, 0, 787, 1139, 806, 190, 5.45%, 0, 0, 6, 1779.80
1669892207, 0, 787, 1140, 807, 190, 5.45%, 0, 0, 6, 1774.81
1669892237, 0, 788, 1140, 806, 189, 5.45%, 0, 0, 6, 1770.74
1669892273, 0, 789, 1140, 805, 188, 5.45%, 0, 0, 6, 1746.42
1669892309, 0, 789, 1141, 806, 188, 5.45%, 0, 0, 6, 1620.10
1669892314, 0, 790, 1142, 806, 187, 5.45%, 0, 0, 6, 1656.88
1669892324, 0, 790, 1143, 807, 187, 5.45%, 0, 0, 6, 1710.53
1669892355, 0, 792, 1143, 806, 186, 5.45%, 0, 0, 6, 1734.79
1669892360, 0, 792, 1144, 807, 186, 5.45%, 0, 0, 6, 1716.63
1669892396, 0, 798, 1145, 807, 185, 5.45%, 0, 0, 6, 1744.44
1669892401, 0, 798, 1146, 808, 185, 5.45%, 0, 0, 6, 1734.62
1669892416, 0, 798, 1147, 809, 185, 5.45%, 0, 0, 6, 1733.72
1669892437, 0, 799, 1147, 808, 186, 5.45%, 0, 0, 6, 1742.01
1669892457, 0, 799, 1148, 809, 186, 5.45%, 0, 0, 6, 1737.82
1669892478, 0, 802, 1149, 809, 185, 5.45%, 0, 0, 6, 1798.24
1669892519, 0, 803, 1150, 809, 184, 5.45%, 0, 0, 6, 1818.73
1669892554, 0, 807, 1150, 808, 183, 5.45%, 0, 0, 6, 1797.12
1669892595, 0, 808, 1150, 807, 182, 5.45%, 0, 0, 6, 1785.98
1669892630, 0, 809, 1150, 806, 181, 5.45%, 0, 0, 6, 1797.81
1669892636, 0, 809, 1151, 807, 181, 5.45%, 0, 0, 6, 1715.83
1669892671, 0, 810, 1155, 810, 181, 5.45%, 0, 0, 6, 1729.58
1669892681, 0, 810, 1157, 812, 181, 5.45%, 0, 0, 6, 1693.06
1669892712, 0, 819, 1157, 811, 180, 5.45%, 0, 0, 6, 1769.60
1669892752, 0, 820, 1157, 810, 179, 5.45%, 0, 0, 6, 1793.97
1669892787, 0, 820, 1158, 811, 179, 5.45%, 0, 0, 6, 1872.02
1669892792, 0, 821, 1158, 810, 178, 5.45%, 0, 0, 6, 1818.43
1669892822, 0, 824, 1159, 810, 177, 5.45%, 0, 0, 6, 1796.87
1669892858, 0, 825, 1160, 810, 177, 5.45%, 0, 0, 6, 1791.66
1669892863, 0, 825, 1161, 811, 177, 5.46%, 0, 0, 6, 1807.22
1669892883, 0, 836, 1161, 810, 177, 5.46%, 0, 0, 6, 1811.47
1669892889, 0, 836, 1164, 813, 177, 5.46%, 0, 0, 6, 1717.73
1669892924, 0, 836, 1165, 814, 177, 5.46%, 0, 0, 6, 1742.30
1669892929, 0, 845, 1165, 813, 176, 5.46%, 0, 0, 6, 1772.99
1669892965, 0, 847, 1165, 812, 175, 5.46%, 0, 0, 6, 1770.32
1669892970, 0, 847, 1167, 814, 175, 5.46%, 0, 0, 6, 1697.65
1669892975, 0, 847, 1169, 816, 175, 5.46%, 0, 0, 6, 1657.72
1669893000, 0, 847, 1171, 818, 175, 5.46%, 0, 0, 6, 1673.84
1669893006, 0, 850, 1173, 819, 175, 5.46%, 0, 0, 6, 1802.13
1669893041, 0, 852, 1173, 818, 174, 5.46%, 0, 0, 6, 1811.33
1669893046, 0, 852, 1174, 819, 174, 5.46%, 0, 0, 6, 1751.02
1669893081, 0, 854, 1174, 818, 173, 5.46%, 0, 0, 6, 1782.67
1669893122, 0, 855, 1174, 817, 172, 5.46%, 0, 0, 6, 982.61
1669893132, 0, 855, 1175, 818, 172, 5.46%, 0, 0, 6, 1053.50
1669893173, 0, 857, 1175, 817, 171, 5.46%, 0, 0, 6, 1549.55
1669893214, 0, 859, 1175, 816, 170, 5.46%, 0, 0, 6, 1825.79
1669893249, 0, 860, 1176, 816, 169, 5.46%, 0, 0, 6, 1843.26
1669893254, 0, 860, 1177, 817, 169, 5.46%, 0, 0, 6, 1807.03
1669893284, 0, 861, 1178, 817, 171, 5.46%, 0, 0, 6, 1819.91
1669893315, 0, 863, 1181, 819, 170, 5.47%, 0, 0, 6, 1800.50
1669893320, 0, 863, 1182, 820, 170, 5.47%, 0, 0, 6, 1794.85
1669893325, 0, 863, 1183, 821, 170, 5.47%, 0, 0, 6, 1802.21
1669893355, 0, 865, 1184, 821, 169, 5.47%, 0, 0, 6, 1795.93
1669893366, 0, 865, 1185, 822, 169, 5.47%, 0, 0, 6, 1801.66
1669893391, 0, 868, 1185, 821, 169, 5.47%, 0, 0, 6, 1820.72
1669893396, 0, 868, 1186, 822, 169, 5.47%, 0, 0, 6, 1851.15
1669893401, 0, 868, 1189, 825, 169, 5.47%, 0, 0, 6, 1871.43
1669893406, 0, 868, 1190, 826, 169, 5.47%, 0, 0, 6, 1870.65
1669893416, 0, 869, 1191, 826, 170, 5.47%, 0, 0, 6, 1833.97
1669893421, 0, 869, 1192, 827, 170, 5.47%, 0, 0, 6, 1821.05
1669893452, 0, 870, 1194, 828, 170, 5.48%, 0, 0, 6, 1618.15
1669893457, 0, 870, 1195, 829, 170, 5.48%, 0, 0, 6, 1577.36
1669893462, 0, 870, 1196, 830, 170, 5.48%, 0, 0, 6, 1567.15
1669893492, 0, 872, 1197, 830, 170, 5.48%, 0, 0, 6, 1595.78
1669893512, 0, 872, 1198, 831, 170, 5.48%, 0, 0, 6, 1595.98
1669893528, 0, 872, 1199, 832, 170, 5.48%, 0, 0, 6, 1592.76
1669893533, 0, 874, 1200, 832, 169, 5.48%, 0, 0, 6, 1643.40
1669893563, 0, 875, 1200, 831, 168, 5.48%, 0, 0, 6, 1602.30
1669893573, 0, 875, 1201, 832, 168, 5.48%, 0, 0, 6, 1579.21
1669893604, 0, 876, 1201, 831, 168, 5.48%, 0, 0, 6, 1566.95
1669893609, 0, 876, 1202, 832, 168, 5.48%, 0, 0, 6, 1576.29
1669893650, 0, 878, 1205, 834, 167, 5.56%, 0, 0, 6, 1625.07
1669893655, 0, 878, 1209, 838, 167, 5.59%, 0, 0, 6, 1632.65
1669893660, 0, 878, 1219, 848, 167, 5.66%, 0, 0, 6, 1643.36
1669893665, 0, 878, 1224, 853, 167, 5.68%, 0, 0, 6, 1641.36
1669893670, 0, 878, 1225, 854, 167, 5.69%, 0, 0, 6, 1612.30
1669893675, 0, 878, 1226, 855, 167, 5.69%, 0, 0, 6, 1603.89
1669893680, 0, 881, 1227, 855, 181, 5.69%, 0, 0, 6, 1624.96
1669893685, 0, 881, 1233, 861, 181, 5.71%, 0, 0, 6, 1653.78
1669893690, 0, 883, 1233, 860, 183, 5.71%, 0, 0, 6, 1655.69
1669893700, 0, 884, 1234, 860, 182, 5.71%, 0, 0, 6, 1642.55
1669893710, 0, 885, 1235, 860, 183, 5.72%, 0, 0, 6, 1631.64
1669893720, 0, 886, 1235, 859, 182, 5.72%, 0, 0, 6, 1613.18
1669893725, 0, 886, 1236, 860, 182, 5.72%, 0, 0, 6, 1598.11
1669893730, 0, 887, 1236, 859, 182, 5.72%, 0, 0, 6, 1643.94
1669893735, 0, 887, 1237, 860, 182, 5.73%, 0, 0, 6, 1645.70
1669893741, 0, 889, 1238, 860, 182, 5.73%, 0, 0, 6, 1621.70
1669893751, 0, 889, 1240, 862, 182, 5.74%, 0, 0, 6, 1647.38
1669893756, 0, 900, 1241, 862, 181, 5.74%, 0, 0, 6, 1650.15
1669893766, 0, 900, 1248, 869, 181, 5.77%, 0, 0, 6, 1647.21
1669893776, 0, 900, 1253, 874, 181, 5.77%, 0, 0, 6, 1665.85
1669893786, 0, 901, 1254, 874, 184, 5.77%, 0, 0, 6, 1643.02
1669893796, 0, 922, 1254, 873, 183, 5.77%, 0, 0, 6, 1691.47
1669893801, 0, 923, 1254, 872, 182, 5.77%, 0, 0, 6, 1667.04
1669893812, 0, 923, 1255, 873, 182, 5.77%, 0, 0, 6, 1626.01
1669893817, 0, 925, 1255, 872, 181, 5.77%, 0, 0, 6, 1638.07
1669893827, 0, 925, 1256, 873, 181, 5.77%, 0, 0, 6, 1612.16
1669893832, 0, 929, 1256, 872, 181, 5.77%, 0, 0, 6, 1688.19
1669893837, 0, 930, 1257, 872, 181, 5.77%, 0, 0, 6, 1685.14
1669893842, 0, 930, 1258, 873, 181, 5.78%, 0, 0, 6, 1696.52
1669893847, 0, 931, 1258, 872, 181, 5.78%, 0, 0, 6, 1720.07
1669893852, 0, 932, 1259, 872, 181, 5.78%, 0, 0, 6, 1719.86
1669893857, 0, 932, 1261, 874, 181, 5.78%, 0, 0, 6, 1692.30
1669893862, 0, 933, 1261, 873, 182, 5.78%, 0, 0, 6, 1686.04
1669893867, 0, 934, 1261, 872, 181, 5.78%, 0, 0, 6, 1674.06
1669893872, 0, 935, 1261, 871, 180, 5.78%, 0, 0, 6, 1688.68
1669893877, 0, 936, 1261, 870, 179, 5.78%, 0, 0, 6, 1655.20
1669893882, 0, 937, 1262, 870, 179, 5.78%, 0, 0, 6, 1682.78
1669893887, 0, 937, 1263, 871, 179, 5.78%, 0, 0, 6, 1663.19
1669893892, 0, 938, 1263, 870, 179, 5.78%, 0, 0, 6, 1678.78
1669893897, 0, 939, 1264, 870, 179, 5.78%, 0, 0, 6, 1677.53
1669893902, 0, 940, 1264, 869, 178, 5.78%, 0, 0, 6, 1684.81
1669893907, 0, 941, 1264, 868, 177, 5.78%, 0, 0, 6, 1690.61
1669893912, 0, 941, 1267, 871, 177, 5.79%, 0, 0, 6, 1669.67
1669893917, 0, 942, 1267, 870, 179, 5.79%, 0, 0, 6, 1669.11
1669893922, 0, 943, 1267, 869, 178, 5.79%, 0, 0, 6, 1671.93
1669893933, 0, 944, 1267, 868, 177, 5.79%, 0, 0, 6, 1649.91
1669893938, 0, 945, 1269, 869, 176, 5.80%, 0, 0, 6, 1655.96
1669893948, 0, 946, 1270, 869, 178, 5.81%, 0, 0, 6, 1616.53
1669893953, 0, 946, 1271, 870, 178, 5.81%, 0, 0, 6, 1598.91
1669893989, 0, 947, 1271, 869, 178, 5.81%, 0, 0, 6, 1645.72
1669893994, 0, 948, 1271, 868, 177, 5.81%, 0, 0, 6, 1682.02
1669894004, 0, 949, 1271, 867, 176, 5.81%, 0, 0, 6, 1674.70
1669894009, 0, 950, 1271, 866, 175, 5.81%, 0, 0, 6, 1656.64
1669894019, 0, 951, 1271, 865, 174, 5.81%, 0, 0, 6, 1677.58
1669894029, 0, 952, 1271, 864, 173, 5.81%, 0, 0, 6, 1694.15
1669894034, 0, 953, 1272, 864, 172, 5.81%, 0, 0, 6, 1681.64
1669894044, 0, 953, 1276, 868, 172, 5.81%, 0, 0, 6, 1684.77
1669894060, 0, 954, 1276, 867, 172, 5.81%, 0, 0, 6, 1686.25
1669894070, 0, 955, 1276, 866, 171, 5.81%, 0, 0, 6, 1663.37
1669894080, 0, 957, 1277, 866, 170, 5.81%, 0, 0, 6, 1687.72
1669894085, 0, 957, 1279, 868, 170, 5.81%, 0, 0, 6, 1675.73
1669894090, 0, 963, 1280, 868, 170, 5.81%, 0, 0, 7, 1569.25
1669894136, 0, 964, 1282, 869, 169, 5.82%, 0, 0, 7, 1499.02
1669894141, 0, 964, 1287, 874, 169, 5.82%, 0, 0, 7, 1482.53
1669894181, 0, 964, 1288, 875, 169, 5.83%, 0, 0, 7, 1498.69
1669894186, 0, 964, 1292, 879, 169, 5.83%, 0, 0, 7, 1583.42
1669894191, 0, 964, 1293, 880, 169, 5.83%, 0, 0, 7, 1718.19
1669894196, 0, 964, 1294, 881, 169, 5.83%, 0, 0, 7, 1804.43
1669894201, 0, 965, 1294, 880, 175, 5.83%, 0, 0, 7, 1754.67
1669894243, 0, 965, 1295, 881, 175, 5.83%, 0, 0, 7, 1700.27
1669894248, 0, 968, 1296, 881, 174, 5.84%, 0, 0, 7, 1843.22
1669894253, 0, 968, 1298, 883, 174, 5.87%, 0, 0, 7, 1847.57
1669894258, 0, 969, 1299, 883, 176, 5.87%, 0, 0, 7, 1826.84
1669894268, 0, 970, 1300, 883, 175, 5.87%, 0, 0, 7, 1917.99
1669894278, 0, 970, 1303, 886, 175, 5.88%, 0, 0, 7, 1910.84
1669894283, 0, 970, 1304, 887, 175, 5.91%, 0, 0, 7, 1905.57
1669894288, 0, 971, 1305, 887, 177, 5.91%, 0, 0, 7, 1919.42
1669894299, 0, 973, 1305, 886, 176, 5.91%, 0, 0, 7, 1927.45
1669894304, 0, 974, 1306, 886, 175, 5.91%, 0, 0, 7, 1914.64
1669894314, 0, 974, 1310, 890, 175, 5.93%, 0, 0, 7, 1905.98
1669894319, 0, 974, 1314, 894, 175, 5.94%, 0, 0, 7, 1904.60
1669894324, 0, 974, 1317, 897, 175, 5.98%, 0, 0, 7, 1905.71
1669894329, 0, 976, 1317, 896, 179, 5.98%, 0, 0, 7, 1922.25
1669894339, 0, 978, 1317, 895, 178, 5.98%, 0, 0, 7, 1924.70
1669894344, 0, 981, 1318, 895, 178, 5.98%, 0, 0, 7, 1898.09
1669894349, 0, 981, 1319, 896, 178, 5.98%, 0, 0, 7, 1898.66
1669894354, 0, 982, 1319, 895, 178, 5.98%, 0, 0, 7, 1872.39
1669894360, 0, 982, 1321, 897, 178, 5.98%, 0, 0, 7, 1881.30
1669894365, 0, 982, 1322, 898, 178, 5.98%, 0, 0, 7, 1888.57
1669894370, 0, 982, 1323, 899, 178, 5.98%, 0, 0, 7, 1874.28
1669894375, 0, 983, 1327, 902, 179, 5.99%, 0, 0, 7, 1880.92
1669894380, 0, 983, 1329, 904, 179, 6.00%, 0, 0, 7, 1908.31
1669894385, 0, 984, 1329, 903, 182, 6.00%, 0, 0, 7, 1913.88
1669894390, 0, 984, 1330, 904, 182, 6.00%, 0, 0, 7, 1910.58
1669894395, 0, 985, 1331, 904, 181, 6.02%, 0, 0, 7, 1907.87
1669894405, 0, 986, 1333, 905, 180, 6.02%, 0, 0, 7, 1920.46
1669894410, 0, 991, 1333, 904, 181, 6.02%, 0, 0, 7, 1914.67
1669894421, 0, 991, 1336, 907, 181, 6.02%, 0, 0, 7, 1900.59
1669894426, 0, 993, 1336, 906, 182, 6.02%, 0, 0, 7, 1891.35
1669894436, 0, 994, 1340, 909, 181, 6.03%, 0, 0, 7, 1897.94
1669894446, 0, 995, 1341, 909, 183, 6.03%, 0, 0, 7, 1912.39
1669894451, 0, 996, 1346, 913, 183, 6.05%, 0, 0, 7, 1912.78
1669894456, 0, 996, 1347, 914, 183, 6.05%, 0, 0, 7, 1900.95
1669894461, 0, 996, 1350, 917, 183, 6.06%, 0, 0, 7, 1900.12
1669894466, 0, 996, 1353, 920, 183, 6.06%, 0, 0, 7, 1885.28
1669894471, 0, 996, 1356, 923, 183, 6.08%, 0, 0, 7, 1892.34
1669894476, 0, 997, 1359, 925, 187, 6.09%, 0, 0, 7, 1899.39
1669894481, 0, 1005, 1361, 926, 188, 6.09%, 0, 0, 7, 1781.86
1669894486, 0, 1005, 1362, 927, 188, 6.09%, 0, 0, 7, 1701.44
1669894512, 0, 1005, 1363, 928, 188, 6.09%, 0, 0, 7, 1724.27
1669894517, 0, 1006, 1365, 929, 189, 6.09%, 0, 0, 7, 1729.48
1669894553, 0, 1008, 1366, 929, 190, 6.09%, 0, 0, 7, 1740.04
1669894589, 0, 1010, 1366, 928, 190, 6.09%, 0, 0, 7, 1737.97
1669894625, 0, 1011, 1366, 927, 189, 6.09%, 0, 0, 7, 1772.41
1669894655, 0, 1011, 1367, 928, 189, 6.09%, 0, 0, 7, 1799.71
1669894660, 0, 1014, 1371, 931, 188, 6.10%, 0, 0, 7, 1775.39
1669894665, 0, 1014, 1372, 932, 188, 6.10%, 0, 0, 7, 1752.60
1669894670, 0, 1014, 1373, 933, 188, 6.10%, 0, 0, 7, 1753.47
1669894686, 0, 1014, 1374, 934, 188, 6.10%, 0, 0, 7, 1763.08
1669894691, 0, 1014, 1375, 935, 188, 6.10%, 0, 0, 7, 1756.51
1669894696, 0, 1017, 1377, 936, 192, 6.11%, 0, 0, 7, 1786.68
1669894731, 0, 1022, 1378, 936, 191, 6.11%, 0, 0, 7, 1775.19
1669894772, 0, 1025, 1381, 938, 191, 6.11%, 0, 0, 7, 1683.44
1669894777, 0, 1025, 1382, 939, 191, 6.11%, 0, 0, 7, 1639.15
1669894807, 0, 1025, 1384, 941, 191, 6.11%, 0, 0, 7, 1747.98
1669894813, 0, 1025, 1385, 942, 191, 6.11%, 0, 0, 7, 1829.75
1669894818, 0, 1025, 1387, 944, 191, 6.11%, 0, 0, 7, 1845.90
1669894823, 0, 1025, 1390, 947, 191, 6.11%, 0, 0, 7, 1850.73
1669894828, 0, 1026, 1392, 948, 191, 6.11%, 0, 0, 7, 1819.81
1669894853, 0, 1026, 1393, 949, 191, 6.11%, 0, 0, 7, 1814.02
1669894858, 0, 1026, 1394, 950, 191, 6.11%, 0, 0, 7, 1810.31
1669894863, 0, 1032, 1398, 953, 190, 6.11%, 0, 0, 7, 1668.14
1669894868, 0, 1032, 1399, 954, 190, 6.11%, 0, 0, 7, 1612.68
1669894873, 0, 1032, 1400, 955, 190, 6.11%, 0, 0, 7, 1636.15
1669894904, 0, 1034, 1406, 960, 189, 6.12%, 0, 0, 7, 1631.31
1669894909, 0, 1034, 1408, 962, 189, 6.12%, 0, 0, 7, 1589.29
1669894914, 0, 1034, 1409, 963, 189, 6.12%, 0, 0, 7, 1614.32
1669894945, 0, 1035, 1413, 966, 191, 6.12%, 0, 0, 7, 1670.21
1669894955, 0, 1035, 1414, 967, 191, 6.12%, 0, 0, 7, 1607.25
1669894985, 0, 1051, 1415, 967, 190, 6.12%, 0, 0, 7, 1705.14
1669894996, 0, 1051, 1417, 969, 190, 6.12%, 0, 0, 7, 1713.67
1669895026, 0, 1052, 1422, 973, 191, 6.12%, 0, 0, 7, 1686.04
1669895031, 0, 1052, 1423, 974, 191, 6.12%, 0, 0, 7, 1632.40
1669895037, 0, 1052, 1424, 975, 191, 6.12%, 0, 0, 7, 1681.47
1669895062, 0, 1054, 1424, 974, 190, 6.12%, 0, 0, 7, 1761.41
1669895097, 0, 1055, 1424, 973, 189, 6.12%, 0, 0, 7, 1797.23
1669895133, 0, 1056, 1424, 972, 188, 6.12%, 0, 0, 7, 1791.22
1669895164, 0, 1056, 1426, 974, 188, 6.12%, 0, 0, 7, 1760.12
1669895169, 0, 1063, 1426, 973, 187, 6.12%, 0, 0, 7, 1789.72
1669895209, 0, 1064, 1426, 972, 186, 6.12%, 0, 0, 7, 1781.82
1669895250, 0, 1066, 1430, 975, 185, 6.12%, 0, 0, 7, 1807.53
1669895280, 0, 1066, 1431, 976, 185, 6.12%, 0, 0, 7, 1801.02
1669895285, 0, 1067, 1432, 976, 185, 6.12%, 0, 0, 7, 1812.27
1669895290, 0, 1067, 1434, 978, 185, 6.12%, 0, 0, 7, 1807.87
1669895296, 0, 1067, 1435, 979, 185, 6.12%, 0, 0, 7, 1786.62
1669895326, 0, 1068, 1437, 980, 184, 6.12%, 0, 0, 7, 1805.38
1669895331, 0, 1068, 1438, 981, 184, 6.12%, 0, 0, 7, 1798.04
1669895336, 0, 1068, 1440, 983, 184, 6.12%, 0, 0, 7, 1778.94
1669895367, 0, 1073, 1444, 986, 179, 6.12%, 0, 0, 7, 1805.27
1669895397, 0, 1073, 1445, 987, 179, 6.12%, 0, 0, 7, 1800.47
1669895402, 0, 1074, 1446, 987, 179, 6.12%, 0, 0, 7, 1807.26
1669895443, 0, 1075, 1446, 986, 179, 6.12%, 0, 0, 7, 1791.52
1669895479, 0, 1077, 1446, 985, 179, 6.12%, 0, 0, 7, 1811.31
1669895514, 0, 1080, 1448, 986, 178, 6.12%, 0, 0, 7, 1808.59
1669895550, 0, 1082, 1448, 985, 177, 6.12%, 0, 0, 7, 1822.27
1669895586, 0, 1083, 1448, 984, 176, 6.12%, 0, 0, 7, 1832.16
1669895621, 0, 1084, 1448, 983, 175, 6.12%, 0, 0, 7, 1797.31
1669895631, 0, 1084, 1449, 984, 175, 6.12%, 0, 0, 7, 1784.64
1669895657, 0, 1085, 1450, 984, 175, 6.13%, 0, 0, 7, 1831.48
1669895667, 0, 1086, 1451, 984, 175, 6.13%, 0, 0, 7, 1863.54
1669895677, 0, 1087, 1451, 983, 175, 6.13%, 0, 0, 7, 1870.36
1669895687, 0, 1091, 1455, 986, 174, 6.13%, 0, 0, 7, 1890.01
1669895692, 0, 1091, 1458, 989, 174, 6.14%, 0, 0, 7, 1891.01
1669895697, 0, 1095, 1468, 998, 177, 6.16%, 0, 0, 7, 1901.05
1669895702, 0, 1095, 1472, 1002, 177, 6.17%, 0, 0, 7, 1897.75
1669895708, 0, 1095, 1475, 1005, 177, 6.17%, 0, 0, 7, 1903.12
1669895713, 0, 1103, 1477, 1004, 178, 6.17%, 0, 0, 7, 1896.38
1669895718, 0, 1107, 1477, 1002, 177, 6.17%, 0, 0, 7, 1902.11
1669895723, 0, 1113, 1480, 1004, 177, 6.18%, 0, 0, 7, 1900.35
1669895728, 0, 1117, 1480, 1001, 175, 6.18%, 0, 0, 7, 1901.96
1669895733, 0, 1118, 1480, 1000, 174, 6.18%, 0, 0, 7, 1903.38
1669895743, 0, 1119, 1480, 999, 173, 6.18%, 0, 0, 7, 1912.46
1669895748, 0, 1120, 1484, 1002, 172, 6.19%, 0, 0, 7, 1910.18
1669895753, 0, 1120, 1486, 1004, 172, 6.20%, 0, 0, 7, 1900.65
1669895758, 0, 1121, 1486, 1003, 176, 6.20%, 0, 0, 7, 1908.19
1669895768, 0, 1122, 1489, 1005, 175, 6.20%, 0, 0, 7, 1809.37
1669895773, 0, 1122, 1491, 1007, 175, 6.21%, 0, 0, 7, 1744.20
1669895809, 0, 1124, 1492, 1007, 178, 6.21%, 0, 0, 7, 1749.40
1669895850, 0, 1125, 1493, 1007, 178, 6.21%, 0, 0, 7, 1748.54
1669895891, 0, 1126, 1494, 1007, 177, 6.21%, 0, 0, 7, 1737.09
1669895932, 0, 1127, 1494, 1006, 176, 6.21%, 0, 0, 7, 1727.98
1669895973, 0, 1128, 1495, 1006, 175, 6.21%, 0, 0, 7, 1736.16
1669896009, 0, 1129, 1495, 1005, 175, 6.21%, 0, 0, 7, 1783.46
1669896014, 0, 1129, 1496, 1006, 175, 6.21%, 0, 0, 7, 1725.01
1669896049, 0, 1132, 1496, 1005, 175, 6.21%, 0, 0, 7, 1727.31
1669896090, 0, 1134, 1498, 1006, 174, 6.21%, 0, 0, 7, 1737.63
1669896101, 0, 1134, 1499, 1007, 174, 6.21%, 0, 0, 7, 1710.89
1669896132, 0, 1135, 1499, 1006, 175, 6.21%, 0, 0, 7, 1773.28
1669896142, 0, 1135, 1500, 1007, 175, 6.21%, 0, 0, 7, 1770.98
1669896172, 0, 1137, 1500, 1006, 175, 6.21%, 0, 0, 7, 1743.71
1669896213, 0, 1138, 1500, 1005, 174, 6.21%, 0, 0, 7, 1732.29
1669896254, 0, 1139, 1502, 1006, 173, 6.22%, 0, 0, 7, 1744.01
1669896259, 0, 1139, 1504, 1008, 173, 6.22%, 0, 0, 7, 1730.78
1669896289, 0, 1141, 1505, 1008, 175, 6.22%, 0, 0, 7, 1728.76
1669896315, 0, 1141, 1507, 1010, 175, 6.22%, 0, 0, 7, 1752.64
1669896330, 0, 1144, 1507, 1009, 174, 6.22%, 0, 0, 7, 1734.78
1669896371, 0, 1146, 1507, 1008, 173, 6.22%, 0, 0, 7, 1740.24
1669896376, 0, 1146, 1508, 1009, 173, 6.22%, 0, 0, 7, 1717.03
1669896412, 0, 1150, 1508, 1008, 173, 6.22%, 0, 0, 7, 1717.61
1669896417, 0, 1150, 1509, 1009, 173, 6.22%, 0, 0, 7, 1695.39
1669896443, 0, 1150, 1510, 1010, 173, 6.22%, 0, 0, 7, 1708.16
1669896453, 0, 1155, 1511, 1010, 172, 6.22%, 0, 0, 7, 1724.12
1669896494, 0, 1157, 1511, 1009, 172, 6.22%, 0, 0, 7, 1795.67
1669896530, 0, 1158, 1511, 1008, 171, 6.22%, 0, 0, 7, 1803.40
1669896565, 0, 1160, 1513, 1009, 170, 6.22%, 0, 0, 7, 1807.52
1669896590, 0, 1166, 1513, 1008, 170, 6.22%, 0, 0, 7, 1766.28
1669896616, 0, 1166, 1514, 1009, 170, 6.22%, 0, 0, 7, 1739.20
1669896626, 0, 1171, 1515, 1009, 169, 6.22%, 0, 0, 7, 1772.36
